column_name,column_type,min,max,approx_unique,avg,std,q25,q50,q75,count,null_percentage
_source_row,UINTEGER,0,10448858,9803105,5224426.4289507875,3016323.3747331635,2613271,5224739,7839816,10448835,0.00
reviewId,VARCHAR,0000041c-528b-4c18-a8a6-393e716084c4,fffffda2-271b-488c-bf37-9c3f1a2373ce,9995022,,,,,,10448835,0.00
userName,VARCHAR,Pengguna Google,Pengguna Google,1,,,,,,10448835,0.00
userImage,VARCHAR,https://play-lh.googleusercontent.com/EGemoI2NTXmTsBVtJqk8jxF9rh8ApRWfsIMQSt2uE4OcpQqbFu7f7NbTK05lx80nuSijCz7sc3a277R67g,https://play-lh.googleusercontent.com/EGemoI2NTXmTsBVtJqk8jxF9rh8ApRWfsIMQSt2uE4OcpQqbFu7f7NbTK05lx80nuSijCz7sc3a277R67g,1,,,,,,10448835,0.00
content,VARCHAR,! !,󠀺󠀸󠀸󠀰󠀴󠀶󠀱󠀱󠀱󠀡󠀡󠀢󠀣󠀦󠀧󠀧󠀤󠀤󠀣󠀣󠀨󠀨󠀩󠀪󠀫󠀬󠀮󠀮󠀯󠀯󠀷󠀷󠀿󠀭󠀶󠀼󠀻󠀹󠀹󠀸󠀸󠁂󠀰󠀱󠀲󠀴󠀴󠀴󠀷󠀷󠁍󠁉󠁉󠁓󠁍󠁎󠁎󠁠󠁠󠁛󠁛󠁕󠁞󠁞󠁟󠁟󠁔󠁔󠁔󠁛󠁋󠁋󠁈󠁈󠁈󠁈󠁈󠁂󠁂󠁈󠁈󠁈󠁉󠁌󠁉󠁉󠁊󠁊󠁎󠁎󠁎󠁘󠁘󠁓󠁅󠁅󠁅󠁀󠁀󠁉󠁉󠁉󠁉󠀳󠀳󠀸󠀷󠀸󠀸󠁔󠁊󠁊󠁊󠁊󠁊󠁄󠁓󠁓󠁓󠁗󠁗󠁗󠁗󠁗󠀬󠀬󠀦󠀦󠀦󠀡󠀣󠀣󠀣󠀣󠀣󠁐󠁐󠁐󠁐󠁐󠁐󠁜󠁜󠁜󠁜󠁝󠁝󠁝󠁝󠁘󠁠󠁠󠁡󠁡󠁐󠁈󠁈󠀺󠀸󠀸󠀰󠀴󠀶󠀱󠀱󠀱󠀡󠀡󠀢󠀣󠀦󠀧󠀧󠀤󠀤󠀣󠀣󠀨󠀨󠀩󠀪󠀫󠀬󠀮󠀮󠀯󠀯󠀷󠀷󠀿󠀭󠀶󠀼󠀻󠀹󠀹󠀸󠀸󠁂󠀰󠀱󠀲󠀴󠀴󠀴󠀷󠀷󠁍󠁉󠁉󠁓󠁍󠁎󠁎󠁠󠁠󠁛󠁛󠁕󠁞󠁞󠁟󠁟󠁔󠁔󠁔󠁛󠁋󠁋󠁈󠁈󠁈󠁈󠁈󠁂󠁂󠁈󠁈󠁈󠁉󠁌󠁉󠁉󠁊󠁊󠁎󠁎󠁎󠁘󠁘,6900143,,,,,,10448835,0.00
score,BIGINT,1,5,5,3.7773152700755634,1.689409679965664,2,5,5,10448835,0.00
thumbsUpCount,BIGINT,0,43282,3419,1.0520989182047569,65.80405409777627,0,0,0,10448835,0.00
reviewCreatedVersion,VARCHAR,1.1.11.10.2,2.2.17.12329,413,,,,,,10448835,34.24
at,TIMESTAMP,2016-09-24 10:10:08,2026-09-27 07:20:57,8482311,2021-06-06 00:56:46.889227,,2019-10-08 20:47:44.27886,2020-12-10 05:09:22.102638,2023-03-22 18:36:00.886387,10448835,0.00
replyContent,VARCHAR,"""Dear, kami menyesal BUG yg telah diunduh sebelumnya akan menambah size paket game Anda utk smntr. Kami telah memperbaiki masalah ini secara online. Saat dwnld data selesai, size paket akan normal, & unduhan extra akan lbh lama karena dwnld data ini. Disarankan Anda selesaikan dwnld data dgn WIFI & pengalaman akan lbh sempurna! Terima kasih!""",untuk  pemilihan lawan dan teman adalah dipilih secara acak ya kak,1550,,,,,,10448835,98.67
repliedAt,TIMESTAMP,2017-03-31 05:48:25,2026-09-22 08:42:48,113515,2023-12-20 20:36:09.160596,,2022-12-18 08:09:55.041504,2024-03-19 14:12:10.377854,2026-04-05 16:37:13.929097,10448835,98.88
appVersion,VARCHAR,1.1.11.10.2,2.2.17.12329,413,,,,,,10448835,34.24
score_raw,VARCHAR,1,5,5,,,,,,10448835,0.00
thumbsUpCount_raw,VARCHAR,0,999,2658,,,,,,10448835,0.00
at_raw,VARCHAR,2016-09-24 10:10:08,2026-09-27 07:20:57,10909028,,,,,,10448835,0.00
repliedAt_raw,VARCHAR,2017-03-29 04:56:43,2026-09-22 08:42:48,134422,,,,,,10448835,98.67
content_length,UINTEGER,1,3676,1302,51.14765330297588,72.34502393316,9,23,63,10448835,0.00
invalid_review_id,BOOLEAN,false,false,1,,,,,,10448835,0.00
invalid_content,BOOLEAN,false,false,1,,,,,,10448835,0.00
invalid_score,BOOLEAN,false,false,1,,,,,,10448835,0.00
invalid_review_date,BOOLEAN,false,false,1,,,,,,10448835,0.00
invalid_thumbs,BOOLEAN,false,false,1,,,,,,10448835,0.00
invalid_reply_date,BOOLEAN,false,false,1,,,,,,10448835,0.00
reply_before_review,BOOLEAN,false,true,2,,,,,,10448835,0.00
quarantined,BOOLEAN,false,false,1,,,,,,10448835,0.00
quarantine_reason,VARCHAR,"","",1,,,,,,10448835,0.00
has_reply,BOOLEAN,false,true,2,,,,,,10448835,0.00
reply_delay_hours,DOUBLE,0.0038888888888888888,4835.663333333333,57484,18.275236359473425,40.899461706471136,2.068975445712411,6.867116245653267,18.184196031675917,10448835,98.88
thumbsUpCount_outlier,BOOLEAN,false,true,2,,,,,,10448835,0.00
content_length_outlier,BOOLEAN,false,true,2,,,,,,10448835,0.00
