month,category,n
2016-09-01,Rendah (1–2),44
2016-09-01,Sedang (3),47
2016-09-01,Tinggi (4–5),183
2016-10-01,Rendah (1–2),217
2016-10-01,Sedang (3),196
2016-10-01,Tinggi (4–5),1550
2016-11-01,Rendah (1–2),853
2016-11-01,Sedang (3),464
2016-11-01,Tinggi (4–5),3547
2016-12-01,Rendah (1–2),1603
2016-12-01,Sedang (3),1138
2016-12-01,Tinggi (4–5),7387
2017-01-01,Rendah (1–2),2596
2017-01-01,Sedang (3),964
2017-01-01,Tinggi (4–5),6699
2017-02-01,Rendah (1–2),1082
2017-02-01,Sedang (3),747
2017-02-01,Tinggi (4–5),7001
2017-03-01,Rendah (1–2),1736
2017-03-01,Sedang (3),1077
2017-03-01,Tinggi (4–5),7024
2017-04-01,Rendah (1–2),1735
2017-04-01,Sedang (3),1375
2017-04-01,Tinggi (4–5),16422
2017-05-01,Rendah (1–2),2844
2017-05-01,Sedang (3),1906
2017-05-01,Tinggi (4–5),20952
2017-06-01,Rendah (1–2),8324
2017-06-01,Sedang (3),3246
2017-06-01,Tinggi (4–5),30997
2017-07-01,Rendah (1–2),8871
2017-07-01,Sedang (3),4022
2017-07-01,Tinggi (4–5),41671
2017-08-01,Rendah (1–2),6621
2017-08-01,Sedang (3),3657
2017-08-01,Tinggi (4–5),42434
2017-09-01,Rendah (1–2),9441
2017-09-01,Sedang (3),4738
2017-09-01,Tinggi (4–5),47466
2017-10-01,Rendah (1–2),10944
2017-10-01,Sedang (3),5637
2017-10-01,Tinggi (4–5),49958
2017-11-01,Rendah (1–2),12175
2017-11-01,Sedang (3),5423
2017-11-01,Tinggi (4–5),57087
2017-12-01,Rendah (1–2),18839
2017-12-01,Sedang (3),7450
2017-12-01,Tinggi (4–5),73815
2018-01-01,Rendah (1–2),14260
2018-01-01,Sedang (3),6351
2018-01-01,Tinggi (4–5),80711
2018-02-01,Rendah (1–2),16718
2018-02-01,Sedang (3),6662
2018-02-01,Tinggi (4–5),71322
2018-03-01,Rendah (1–2),20524
2018-03-01,Sedang (3),8498
2018-03-01,Tinggi (4–5),86156
2018-04-01,Rendah (1–2),28812
2018-04-01,Sedang (3),9700
2018-04-01,Tinggi (4–5),82339
2018-05-01,Rendah (1–2),25502
2018-05-01,Sedang (3),9034
2018-05-01,Tinggi (4–5),85682
2018-06-01,Rendah (1–2),21726
2018-06-01,Sedang (3),8401
2018-06-01,Tinggi (4–5),79761
2018-07-01,Rendah (1–2),22025
2018-07-01,Sedang (3),7094
2018-07-01,Tinggi (4–5),62707
2018-08-01,Rendah (1–2),17119
2018-08-01,Sedang (3),5581
2018-08-01,Tinggi (4–5),54897
2018-09-01,Rendah (1–2),25258
2018-09-01,Sedang (3),6929
2018-09-01,Tinggi (4–5),54632
2018-10-01,Rendah (1–2),22129
2018-10-01,Sedang (3),6676
2018-10-01,Tinggi (4–5),65837
2018-11-01,Rendah (1–2),25246
2018-11-01,Sedang (3),6522
2018-11-01,Tinggi (4–5),59769
2018-12-01,Rendah (1–2),23288
2018-12-01,Sedang (3),5861
2018-12-01,Tinggi (4–5),52949
2019-01-01,Rendah (1–2),20579
2019-01-01,Sedang (3),4887
2019-01-01,Tinggi (4–5),41504
2019-02-01,Rendah (1–2),22876
2019-02-01,Sedang (3),5094
2019-02-01,Tinggi (4–5),46323
2019-03-01,Rendah (1–2),23603
2019-03-01,Sedang (3),5970
2019-03-01,Tinggi (4–5),60041
2019-04-01,Rendah (1–2),20273
2019-04-01,Sedang (3),5266
2019-04-01,Tinggi (4–5),56061
2019-05-01,Rendah (1–2),25723
2019-05-01,Sedang (3),6574
2019-05-01,Tinggi (4–5),70738
2019-06-01,Rendah (1–2),23398
2019-06-01,Sedang (3),6043
2019-06-01,Tinggi (4–5),75950
2019-07-01,Rendah (1–2),22052
2019-07-01,Sedang (3),5004
2019-07-01,Tinggi (4–5),60896
2019-08-01,Rendah (1–2),26943
2019-08-01,Sedang (3),7055
2019-08-01,Tinggi (4–5),81598
2019-09-01,Rendah (1–2),34418
2019-09-01,Sedang (3),7915
2019-09-01,Tinggi (4–5),91904
2019-10-01,Rendah (1–2),32755
2019-10-01,Sedang (3),5690
2019-10-01,Tinggi (4–5),48754
2019-11-01,Rendah (1–2),28784
2019-11-01,Sedang (3),12614
2019-11-01,Tinggi (4–5),183146
2019-12-01,Rendah (1–2),30653
2019-12-01,Sedang (3),11591
2019-12-01,Tinggi (4–5),197490
2020-01-01,Rendah (1–2),21704
2020-01-01,Sedang (3),4879
2020-01-01,Tinggi (4–5),78417
2020-02-01,Rendah (1–2),23034
2020-02-01,Sedang (3),4743
2020-02-01,Tinggi (4–5),60231
2020-03-01,Rendah (1–2),33144
2020-03-01,Sedang (3),5239
2020-03-01,Tinggi (4–5),57067
2020-04-01,Rendah (1–2),46072
2020-04-01,Sedang (3),6384
2020-04-01,Tinggi (4–5),68920
2020-05-01,Rendah (1–2),56307
2020-05-01,Sedang (3),14519
2020-05-01,Tinggi (4–5),196742
2020-06-01,Rendah (1–2),37074
2020-06-01,Sedang (3),7706
2020-06-01,Tinggi (4–5),102406
2020-07-01,Rendah (1–2),46632
2020-07-01,Sedang (3),15401
2020-07-01,Tinggi (4–5),220898
2020-08-01,Rendah (1–2),46046
2020-08-01,Sedang (3),10546
2020-08-01,Tinggi (4–5),150779
2020-09-01,Rendah (1–2),81135
2020-09-01,Sedang (3),10864
2020-09-01,Tinggi (4–5),135018
2020-10-01,Rendah (1–2),53809
2020-10-01,Sedang (3),13497
2020-10-01,Tinggi (4–5),191476
2020-11-01,Rendah (1–2),44609
2020-11-01,Sedang (3),12194
2020-11-01,Tinggi (4–5),188310
2020-12-01,Rendah (1–2),35757
2020-12-01,Sedang (3),6156
2020-12-01,Tinggi (4–5),103140
2021-01-01,Rendah (1–2),30055
2021-01-01,Sedang (3),5395
2021-01-01,Tinggi (4–5),88633
2021-02-01,Rendah (1–2),31284
2021-02-01,Sedang (3),5785
2021-02-01,Tinggi (4–5),89860
2021-03-01,Rendah (1–2),29349
2021-03-01,Sedang (3),5786
2021-03-01,Tinggi (4–5),107926
2021-04-01,Rendah (1–2),31090
2021-04-01,Sedang (3),5925
2021-04-01,Tinggi (4–5),118898
2021-05-01,Rendah (1–2),27084
2021-05-01,Sedang (3),4422
2021-05-01,Tinggi (4–5),94652
2021-06-01,Rendah (1–2),27561
2021-06-01,Sedang (3),4247
2021-06-01,Tinggi (4–5),91934
2021-07-01,Rendah (1–2),25168
2021-07-01,Sedang (3),4021
2021-07-01,Tinggi (4–5),73365
2021-08-01,Rendah (1–2),21226
2021-08-01,Sedang (3),3379
2021-08-01,Tinggi (4–5),68801
2021-09-01,Rendah (1–2),26378
2021-09-01,Sedang (3),4306
2021-09-01,Tinggi (4–5),72880
2021-10-01,Rendah (1–2),23845
2021-10-01,Sedang (3),3595
2021-10-01,Tinggi (4–5),72688
2021-11-01,Rendah (1–2),21023
2021-11-01,Sedang (3),3294
2021-11-01,Tinggi (4–5),64159
2021-12-01,Rendah (1–2),27581
2021-12-01,Sedang (3),4043
2021-12-01,Tinggi (4–5),74833
2022-01-01,Rendah (1–2),22058
2022-01-01,Sedang (3),3343
2022-01-01,Tinggi (4–5),65241
2022-02-01,Rendah (1–2),20360
2022-02-01,Sedang (3),2580
2022-02-01,Tinggi (4–5),49787
2022-03-01,Rendah (1–2),23636
2022-03-01,Sedang (3),6284
2022-03-01,Tinggi (4–5),131663
2022-04-01,Rendah (1–2),23772
2022-04-01,Sedang (3),4011
2022-04-01,Tinggi (4–5),53457
2022-05-01,Rendah (1–2),33455
2022-05-01,Sedang (3),3330
2022-05-01,Tinggi (4–5),53166
2022-06-01,Rendah (1–2),20954
2022-06-01,Sedang (3),2988
2022-06-01,Tinggi (4–5),33521
2022-07-01,Rendah (1–2),21476
2022-07-01,Sedang (3),2864
2022-07-01,Tinggi (4–5),30565
2022-08-01,Rendah (1–2),24087
2022-08-01,Sedang (3),4956
2022-08-01,Tinggi (4–5),73229
2022-09-01,Rendah (1–2),17395
2022-09-01,Sedang (3),2410
2022-09-01,Tinggi (4–5),31581
2022-10-01,Rendah (1–2),18809
2022-10-01,Sedang (3),2071
2022-10-01,Tinggi (4–5),22976
2022-11-01,Rendah (1–2),22313
2022-11-01,Sedang (3),2832
2022-11-01,Tinggi (4–5),29736
2022-12-01,Rendah (1–2),23998
2022-12-01,Sedang (3),3540
2022-12-01,Tinggi (4–5),40071
2023-01-01,Rendah (1–2),21295
2023-01-01,Sedang (3),3358
2023-01-01,Tinggi (4–5),37966
2023-02-01,Rendah (1–2),25769
2023-02-01,Sedang (3),2643
2023-02-01,Tinggi (4–5),33845
2023-03-01,Rendah (1–2),35582
2023-03-01,Sedang (3),4147
2023-03-01,Tinggi (4–5),43323
2023-04-01,Rendah (1–2),29420
2023-04-01,Sedang (3),2911
2023-04-01,Tinggi (4–5),36107
2023-05-01,Rendah (1–2),26132
2023-05-01,Sedang (3),3068
2023-05-01,Tinggi (4–5),35059
2023-06-01,Rendah (1–2),27992
2023-06-01,Sedang (3),2713
2023-06-01,Tinggi (4–5),31632
2023-07-01,Rendah (1–2),28331
2023-07-01,Sedang (3),2424
2023-07-01,Tinggi (4–5),29169
2023-08-01,Rendah (1–2),24172
2023-08-01,Sedang (3),2410
2023-08-01,Tinggi (4–5),28183
2023-09-01,Rendah (1–2),23705
2023-09-01,Sedang (3),2777
2023-09-01,Tinggi (4–5),28537
2023-10-01,Rendah (1–2),22331
2023-10-01,Sedang (3),4328
2023-10-01,Tinggi (4–5),66199
2023-11-01,Rendah (1–2),25003
2023-11-01,Sedang (3),3161
2023-11-01,Tinggi (4–5),41027
2023-12-01,Rendah (1–2),27387
2023-12-01,Sedang (3),2637
2023-12-01,Tinggi (4–5),25015
2024-01-01,Rendah (1–2),23749
2024-01-01,Sedang (3),4299
2024-01-01,Tinggi (4–5),68047
2024-02-01,Rendah (1–2),18933
2024-02-01,Sedang (3),1984
2024-02-01,Tinggi (4–5),23171
2024-03-01,Rendah (1–2),19688
2024-03-01,Sedang (3),2358
2024-03-01,Tinggi (4–5),24938
2024-04-01,Rendah (1–2),27145
2024-04-01,Sedang (3),7258
2024-04-01,Tinggi (4–5),130087
2024-05-01,Rendah (1–2),23761
2024-05-01,Sedang (3),2129
2024-05-01,Tinggi (4–5),21979
2024-06-01,Rendah (1–2),36709
2024-06-01,Sedang (3),4552
2024-06-01,Tinggi (4–5),62203
2024-07-01,Rendah (1–2),41908
2024-07-01,Sedang (3),3277
2024-07-01,Tinggi (4–5),44137
2024-08-01,Rendah (1–2),39321
2024-08-01,Sedang (3),4573
2024-08-01,Tinggi (4–5),80112
2024-09-01,Rendah (1–2),29891
2024-09-01,Sedang (3),5316
2024-09-01,Tinggi (4–5),102190
2024-10-01,Rendah (1–2),22628
2024-10-01,Sedang (3),2286
2024-10-01,Tinggi (4–5),36183
2024-11-01,Rendah (1–2),31920
2024-11-01,Sedang (3),1803
2024-11-01,Tinggi (4–5),19745
2024-12-01,Rendah (1–2),24452
2024-12-01,Sedang (3),3678
2024-12-01,Tinggi (4–5),69079
2025-01-01,Rendah (1–2),18341
2025-01-01,Sedang (3),1500
2025-01-01,Tinggi (4–5),18928
2025-02-01,Rendah (1–2),14058
2025-02-01,Sedang (3),1332
2025-02-01,Tinggi (4–5),13712
2025-03-01,Rendah (1–2),17718
2025-03-01,Sedang (3),1846
2025-03-01,Tinggi (4–5),18652
2025-04-01,Rendah (1–2),18155
2025-04-01,Sedang (3),1752
2025-04-01,Tinggi (4–5),18985
2025-05-01,Rendah (1–2),19988
2025-05-01,Sedang (3),1444
2025-05-01,Tinggi (4–5),15748
2025-06-01,Rendah (1–2),21385
2025-06-01,Sedang (3),1715
2025-06-01,Tinggi (4–5),14840
2025-07-01,Rendah (1–2),25627
2025-07-01,Sedang (3),5177
2025-07-01,Tinggi (4–5),117953
2025-08-01,Rendah (1–2),16720
2025-08-01,Sedang (3),3567
2025-08-01,Tinggi (4–5),84864
2025-09-01,Rendah (1–2),17154
2025-09-01,Sedang (3),1442
2025-09-01,Tinggi (4–5),20659
2025-10-01,Rendah (1–2),18759
2025-10-01,Sedang (3),1441
2025-10-01,Tinggi (4–5),10825
2025-11-01,Rendah (1–2),15910
2025-11-01,Sedang (3),1140
2025-11-01,Tinggi (4–5),9145
2025-12-01,Rendah (1–2),22596
2025-12-01,Sedang (3),1767
2025-12-01,Tinggi (4–5),13106
2026-01-01,Rendah (1–2),19019
2026-01-01,Sedang (3),1423
2026-01-01,Tinggi (4–5),14142
2026-02-01,Rendah (1–2),21584
2026-02-01,Sedang (3),1378
2026-02-01,Tinggi (4–5),12711
2026-03-01,Rendah (1–2),22187
2026-03-01,Sedang (3),1607
2026-03-01,Tinggi (4–5),15914
2026-04-01,Rendah (1–2),17638
2026-04-01,Sedang (3),1266
2026-04-01,Tinggi (4–5),12938
2026-05-01,Rendah (1–2),17187
2026-05-01,Sedang (3),1261
2026-05-01,Tinggi (4–5),12613
2026-06-01,Rendah (1–2),19278
2026-06-01,Sedang (3),1524
2026-06-01,Tinggi (4–5),13951
2026-07-01,Rendah (1–2),19343
2026-07-01,Sedang (3),1492
2026-07-01,Tinggi (4–5),13181
2026-08-01,Rendah (1–2),12440
2026-08-01,Sedang (3),1802
2026-08-01,Tinggi (4–5),40486
2026-09-01,Rendah (1–2),19367
2026-09-01,Sedang (3),1355
2026-09-01,Tinggi (4–5),13661
