month,n,avg_score,low_pct,reply_pct
2016-09-01,274,3.9525547445255476,16.05839416058394,0.0
2016-10-01,1963,4.294447274579725,11.054508405501783,0.0
2016-11-01,4864,4.0625,17.53700657894737,0.0
2016-12-01,10128,4.077705371248025,15.82740916271722,0.0
2017-01-01,10259,3.7681060532215613,25.304610585827078,0.0
2017-02-01,8830,4.267836919592299,12.253680634201585,0.0
2017-03-01,9837,4.006201077564298,17.64765680593677,0.3253024296025211
2017-04-01,19532,4.4243805037886546,8.88285889821831,1.4796231824697932
2017-05-01,25702,4.338261613882188,11.065286748112987,0.3618395455606568
2017-06-01,42567,4.01884088613245,19.555054384852117,1.2356990156694152
2017-07-01,54564,4.145443882413312,16.2579722894216,0.786232680888498
2017-08-01,52712,4.297674153892852,12.56070723933829,1.5461375018971013
2017-09-01,61645,4.180760807851407,15.315110714575392,1.1533782139670694
2017-10-01,66539,4.12293542133185,16.447496956672026,0.6838094951832759
2017-11-01,74685,4.148530494744594,16.30180089710116,0.12452299658565977
2017-12-01,100104,4.058279389434988,18.8194277950931,0.13885559018620636
2018-01-01,101322,4.250774757703164,14.073942480408993,0.06908667416750558
2018-02-01,94702,4.10010348250301,17.65327025828388,0.07708390530295031
2018-03-01,115178,4.085962597023737,17.819375227908107,0.05469794578825817
2018-04-01,120851,3.849517174040761,23.840928084997227,0.07447187031964982
2018-05-01,120218,3.958583573175398,21.213129481442046,0.05074115357101266
2018-06-01,109888,4.004777591729761,19.771039603960396,0.04186080372743157
2018-07-01,91826,3.8494435127305993,23.985581425739987,0.04573867967678
2018-08-01,77597,3.9341469386703096,22.061419900253878,0.04252741729706045
2018-09-01,86819,3.6515624460083624,29.092710121056452,0.3904675243898225
2018-10-01,94642,3.878309841296676,23.381796665328288,1.0851419031719534
2018-11-01,91537,3.7216972371827786,27.580104220151416,1.5785966330554857
2018-12-01,82098,3.6911983239542985,28.366099052352066,1.4385246900046287
2019-01-01,66970,3.601388681499179,30.728684485590563,1.5917575033597133
2019-02-01,74293,3.6072442895023755,30.79159543967803,0.3418895454484272
2019-03-01,89614,3.777233467984913,26.338518535050326,2.9783292789073137
2019-04-01,81600,3.836985294117647,24.84436274509804,1.8308823529411764
2019-05-01,103035,3.8375018197699813,24.96530305236085,0.23001892560780318
2019-06-01,105391,3.9517510982911253,22.201136719454222,0.12335019119279635
2019-07-01,87952,3.8408677460432963,25.072766963798436,0.12961615426596326
2019-08-01,115596,3.900974082148171,23.307899927333125,0.10121457489878542
2019-09-01,134237,3.823550883884473,25.639726751938735,0.0804547181477536
2019-10-01,87199,3.3487769355153154,37.563504168625784,0.10091858851592335
2019-11-01,224544,4.288958956819154,12.81886846230583,0.8127583012683482
2019-12-01,239734,4.314144009610652,12.786254765698649,1.4399292549242078
2020-01-01,105000,4.033333333333333,20.67047619047619,0.4685714285714286
2020-02-01,88008,3.8094150531769837,26.172620670848104,0.09317334787746569
2020-03-01,95450,3.484641173389209,34.72393923520168,0.10476689366160294
2020-04-01,121376,3.364536646453994,37.9580806749275,0.14665172686527814
2020-05-01,267568,3.995533845601866,21.043996292531244,0.16556538898522993
2020-06-01,147186,3.851657086951205,25.188536953242835,0.11957659016482546
2020-07-01,282931,4.164990757463834,16.481757036167828,0.05195613064669478
2020-08-01,207371,3.962723813840894,22.204647708696008,0.04340047547632022
2020-09-01,227017,3.456397538510332,35.7396142139135,0.04713303408995802
2020-10-01,258782,4.012454498380877,20.793177268898145,0.04327967169277616
2020-11-01,245113,4.118080232382615,18.199361110997785,0.04283738520600702
2020-12-01,145053,3.907158073255982,24.65098963827015,0.07790255975402094
2021-01-01,124083,3.9231804517943636,24.221690320188905,0.06124932504855621
2021-02-01,126929,3.9003301058071838,24.646849813675363,0.056724625578079085
2021-03-01,143061,4.072290840969936,20.515025059240465,0.0293581059827626
2021-04-01,155913,4.097772475675537,19.94060790312546,0.028220866765439702
2021-05-01,126158,4.046592368300068,21.468317506618686,0.046766752802041886
2021-06-01,123742,4.016873818105413,22.27295501931438,0.035557854245122915
2021-07-01,102554,3.9183162041461084,24.541217309905026,0.024377401174015642
2021-08-01,93406,3.995685502002013,22.724450249448644,0.08243581782754855
2021-09-01,103564,3.881232860839674,25.47024062415511,0.4016839828511838
2021-10-01,100128,3.954508229466283,23.814517417705336,0.4434324065196548
2021-11-01,88476,3.954236177042362,23.761245987612458,0.300646503006465
2021-12-01,106457,3.8730473336652356,25.90811313488075,0.7946870567459162
2022-01-01,90642,3.9330222192802453,24.335297102888287,0.7711656847818892
2022-02-01,72727,3.792429221609581,27.99510498164368,0.8497531865744496
2022-03-01,161583,4.278921668739905,14.627776436877642,0.690047839191004
2022-04-01,81240,3.7141186607582473,29.261447562776958,1.4081733136386017
2022-05-01,89951,3.424297673177619,37.19247145668197,1.2340051805983256
2022-06-01,57463,3.4260306632093696,36.465203696291525,1.849886013608757
2022-07-01,54905,3.324924870230398,39.11483471450688,1.9597486567707858
2022-08-01,102272,3.9079317897371713,23.551900813516895,1.2750312891113893
2022-09-01,51386,3.531059043319192,33.851632740435136,2.6466352703070877
2022-10-01,43856,3.1853110178766872,42.88808828894564,2.4785662167092304
2022-11-01,54881,3.268708660556477,40.65705799821432,1.9824711648840219
2022-12-01,67609,3.4655593190255733,35.49527429780059,1.1137570441805085
2023-01-01,62619,3.5160893658474266,34.00725019562753,2.274070170395567
2023-02-01,62257,3.2566779639237353,41.39132948905344,5.527089323288948
2023-03-01,83052,3.185690892452921,42.84303809661417,7.634975677888551
2023-04-01,68438,3.1925392325900814,42.98781378766183,5.403430842514393
2023-05-01,64259,3.2725221369769217,40.666677041348294,3.6492942622823263
2023-06-01,62337,3.111522851596965,44.90431044163178,3.1682628294592297
2023-07-01,59924,3.0260997263200053,47.278219077498164,2.161070689540084
2023-08-01,54765,3.1383547886423813,44.13767917465535,1.3968775677896468
2023-09-01,55019,3.17328559224995,43.08511605081881,1.7284937930533089
2023-10-01,92858,3.894645587886881,24.048547244179286,1.4312175579917723
2023-11-01,69191,3.4375569076903068,36.13620268532034,2.867424954112529
2023-12-01,55039,2.9187666927088065,49.75926161449154,3.8972365050237103
2024-01-01,96095,3.8688381289349083,24.71408502003226,2.1530776835423278
2024-02-01,44088,3.1820450009072765,42.943658138268916,4.134911994193431
2024-03-01,46984,3.209454282308871,41.90362676655883,3.6799761620977356
2024-04-01,164490,4.181822603197763,16.50252294972339,1.0936835065961457
2024-05-01,47869,2.9196348367419414,49.63755248699576,2.4379034448181494
2024-06-01,103464,3.463078945333643,35.47997371066265,0.8689012603417614
2024-07-01,89322,3.0464163364008865,46.917892568460175,1.035579140637245
2024-08-01,124006,3.6227359966453236,31.708949566956438,0.7104494943793043
2024-09-01,137397,3.998944664002853,21.75520571773765,0.6230121472812361
2024-10-01,61097,3.419627804965874,37.036188356220435,1.199731574381721
2024-11-01,53468,2.5483653774220096,59.69925937009052,2.4388419241415424
2024-12-01,97209,3.8688598792292894,25.154049522163586,1.3928751453054757
2025-01-01,38769,3.0254068972632773,47.30841651835229,2.471046454641595
2025-02-01,29102,2.972029413785994,48.305958353377775,3.051336677891554
2025-03-01,38216,3.041396273812016,46.362779987439815,2.1326146116809714
2025-04-01,38892,3.0386197675614524,46.6805512701841,5.610408310192327
2025-05-01,37180,2.7742334588488435,53.760086067778374,7.264658418504572
2025-06-01,37940,2.6660516605166054,56.36531365313653,6.070110701107011
2025-07-01,148757,4.173564941481746,17.227424591783915,1.4184206457511244
2025-08-01,105151,4.2256374166674595,15.900942454184934,1.4550503561544825
2025-09-01,39255,3.1632403515475738,43.69889186090944,4.717870334989174
2025-10-01,31025,2.5090733279613215,60.46414182111201,5.930701047542304
2025-11-01,26195,2.501851498377553,60.736781828593244,10.425653750715785
2025-12-01,37469,2.5102084389762203,60.30585283834637,5.698043716138675
2026-01-01,34584,2.7270124913254685,54.99363867684478,3.0678926671293083
2026-02-01,35673,2.5169455891010006,60.50514394640204,1.9258262551509544
2026-03-01,39708,2.6912460965044827,55.87539034955173,3.8833484436385617
2026-04-01,31842,2.713334589535833,55.39224923057597,11.676402236040449
2026-05-01,31061,2.7105695244840797,55.33305431248189,30.11815459901484
2026-06-01,34753,2.699450407159094,55.471470088913186,28.49825914309556
2026-07-01,34016,2.643197318908749,56.86441674506115,18.306091251175918
2026-08-01,54728,3.9674206987282563,22.730594942259902,4.885981581640111
2026-09-01,34383,2.6709711194485646,56.327254747985926,4.987930081726435
