version,n,avg_score,low_pct
1.8.66.9421,134418,4.1270737550030505,18.08091178264816
1.4.77.5175,127675,4.159608380654005,16.845897787350694
1.9.93.10904,126389,4.077601690020492,19.701872789562383
1.4.28.4622,107394,4.330670242285416,12.170139858837551
1.4.87.5292,105249,4.139393248391909,17.2761736453553
1.5.52.6041,94238,3.966871113563531,23.065005624058237
1.7.44.8111,84040,3.264112327463113,40.915040456925276
1.6.58.7191,83675,4.224284433821333,16.102778607708395
1.9.99.10932,81239,4.126490971085317,18.62036706507958
1.4.22.4535,81146,4.2001207699701775,15.302048160106475
1.4.94.5372,77238,4.222261063207229,15.107848468370491
1.4.70.5102,75079,3.8698437645679884,24.07330944738209
19.2.11.103,74511,3.9772382601226663,22.50674397068889
1.5.10.5532,73606,3.651876205744097,30.448604733309786
1.7.69.8401,72814,3.211937264811712,42.41217348312138
