weekday,hour,n
1,0,32215
1,1,40664
1,2,47677
1,3,55401
1,4,61464
1,5,65734
1,6,67639
1,7,67166
1,8,79287
1,9,75067
1,10,77073
1,11,81382
1,12,95517
1,13,105794
1,14,100098
1,15,82198
1,16,64239
1,17,48599
1,18,35132
1,19,24758
1,20,18676
1,21,18350
1,22,24202
1,23,29283
2,0,35386
2,1,43625
2,2,52871
2,3,68041
2,4,75806
2,5,80124
2,6,80282
2,7,79632
2,8,82444
2,9,79619
2,10,83515
2,11,86598
2,12,99672
2,13,109658
2,14,101972
2,15,83390
2,16,67089
2,17,50617
2,18,36628
2,19,25129
2,20,18708
2,21,18609
2,22,25563
2,23,31218
3,0,36643
3,1,44328
3,2,52613
3,3,62393
3,4,70409
3,5,74019
3,6,75741
3,7,74681
3,8,87116
3,9,81847
3,10,84028
3,11,86931
3,12,100119
3,13,108754
3,14,101122
3,15,83219
3,16,65564
3,17,51570
3,18,36692
3,19,25528
3,20,19148
3,21,19182
3,22,25246
3,23,31109
4,0,37401
4,1,45362
4,2,53359
4,3,61549
4,4,67592
4,5,71268
4,6,72505
4,7,72581
4,8,82557
4,9,81483
4,10,85792
4,11,91716
4,12,105405
4,13,115224
4,14,116216
4,15,94792
4,16,74521
4,17,56899
4,18,40223
4,19,28016
4,20,20680
4,21,20507
4,22,27469
4,23,34109
5,0,41182
5,1,50107
5,2,60167
5,3,70655
5,4,73381
5,5,75085
5,6,86888
5,7,81900
5,8,81080
5,9,73523
5,10,75501
5,11,80052
5,12,93639
5,13,102707
5,14,95289
5,15,80894
5,16,64700
5,17,50420
5,18,36596
5,19,25243
5,20,19185
5,21,18869
5,22,25912
5,23,34764
6,0,42187
6,1,51010
6,2,60101
6,3,69406
6,4,76091
6,5,77009
6,6,76078
6,7,73274
6,8,84203
6,9,81821
6,10,82608
6,11,83421
6,12,92655
6,13,100553
6,14,98627
6,15,86318
6,16,67821
6,17,53653
6,18,39828
6,19,28232
6,20,21093
6,21,19882
6,22,27356
6,23,40258
7,0,51921
7,1,62909
7,2,72443
7,3,80046
7,4,82162
7,5,78654
7,6,76158
7,7,73695
7,8,72583
7,9,67162
7,10,73642
7,11,74943
7,12,86503
7,13,94371
7,14,90921
7,15,75013
7,16,58189
7,17,44029
7,18,31615
7,19,21954
7,20,16508
7,21,16362
7,22,20792
7,23,25997
